Year,SerialTime,ParallelTime
2023,152.56368279457092,129.67879486083984
