Allocation,Total Cost,Carbon Emissions,Fuel Type
Diesel_S1_2023,117871.21905088,69347.97596256,B20
LNG_S1_2023,123077.87951668,41971.14852966,LNG
LNG_S1_2023,124325.65286476,6375.2658937020005,BioLNG
LNG_S3_2023,173281.85806824,4549.567924148,BioLNG
BEV_S1_2023,215690.316221326,0.0,Electricity
