Year,Total Carbon Emissions
2023,821042.1362585183
2024,839098.4741546062
2025,862826.4797781921
2026,396506.1922270985
2027,396716.1120826815
2028,400378.72232094937
2029,50894.47228674817
2030,52385.6581511071
2031,54194.35233792967
2032,0.0
2033,0.0
2034,0.0
2035,0.0
2036,0.0
2037,0.0
2038,0.0
